Title_slug,Platform_Slug
soulcalibur,ios-(iphone/ipad)
grand-theft-auto-iii,ios-(iphone/ipad)
bioshock,ios-(iphone/ipad)
grand-theft-auto-san-andreas,ios-(iphone/ipad)
final-fantasy-ix,ios-(iphone/ipad)
star-wars-knights-of-the-old-republic,ios-(iphone/ipad)
company-of-heroes,ios-(iphone/ipad)
grand-theft-auto-chinatown-wars,ios-(iphone/ipad)
pac-man-championship-edition-dx,ios-(iphone/ipad)
street-fighter-iv,ios-(iphone/ipad)
hades,ios-(iphone/ipad)
resident-evil-4,ios-(iphone/ipad)
inside,ios-(iphone/ipad)
rock-band,ios-(iphone/ipad)
rome-total-war,ios-(iphone/ipad)
divinity-original-sin-ii-definitive-edition,ios-(iphone/ipad)
final-fantasy-vii,ios-(iphone/ipad)
chrono-trigger,ios-(iphone/ipad)
journey,ios-(iphone/ipad)
final-fantasy-vi,ios-(iphone/ipad)
tomb-raider-1996,ios-(iphone/ipad)
tony-hawks-pro-skater-2,ios-(iphone/ipad)
planescape-torment,ios-(iphone/ipad)
neverwinter-nights,ios-(iphone/ipad)
resident-evil-2,ios-(iphone/ipad)
balatro,ios-(iphone/ipad)
world-of-goo,ios-(iphone/ipad)
fifa-soccer-12,ios-(iphone/ipad)
fifa-soccer-10,ios-(iphone/ipad)
jack-jeanne,ios-(iphone/ipad)
limbo,ios-(iphone/ipad)
the-stanley-parable-ultra-deluxe,ios-(iphone/ipad)
fifa-soccer-13,ios-(iphone/ipad)
into-the-breach,ios-(iphone/ipad)
command-and-conquer-red-alert,ios-(iphone/ipad)
nba-2k12,ios-(iphone/ipad)
dragon-quest-viii-journey-of-the-cursed-king,ios-(iphone/ipad)
the-walking-dead-a-telltale-games-series,ios-(iphone/ipad)
dead-cells,ios-(iphone/ipad)
castlevania-symphony-of-the-night,ios-(iphone/ipad)
slay-the-spire,ios-(iphone/ipad)
gunstar-heroes,ios-(iphone/ipad)
jade-empire,ios-(iphone/ipad)
fez,ios-(iphone/ipad)
max-payne,ios-(iphone/ipad)
streets-of-rage-2,ios-(iphone/ipad)
xcom-enemy-unknown,ios-(iphone/ipad)
peggle,ios-(iphone/ipad)
disco-elysium-the-final-cut,ios-(iphone/ipad)
stardew-valley,ios-(iphone/ipad)
what-remains-of-edith-finch,ios-(iphone/ipad)
the-binding-of-isaac-rebirth,ios-(iphone/ipad)
the-secret-of-monkey-island-special-edition,ios-(iphone/ipad)
nba-2k17,ios-(iphone/ipad)
battlefield-bad-company-2,ios-(iphone/ipad)
the-world-ends-with-you,ios-(iphone/ipad)
xcom-enemy-within,ios-(iphone/ipad)
final-fantasy-tactics,ios-(iphone/ipad)
hearthstone-heroes-of-warcraft,ios-(iphone/ipad)
grand-theft-auto-liberty-city-stories,ios-(iphone/ipad)
medieval-ii-total-war,ios-(iphone/ipad)
sid-meiers-civilization-vi,ios-(iphone/ipad)
oddworld-strangers-wrath,ios-(iphone/ipad)
sid-meiers-pirates,ios-(iphone/ipad)
fifa-soccer-11,ios-(iphone/ipad)
night-in-the-woods,ios-(iphone/ipad)
need-for-speed-hot-pursuit,ios-(iphone/ipad)
nba-2k13,ios-(iphone/ipad)
halls-of-torment,ios-(iphone/ipad)
plants-vs-zombies,ios-(iphone/ipad)
subnautica,ios-(iphone/ipad)
football-manager-2010,ios-(iphone/ipad)
injustice-2,ios-(iphone/ipad)
the-witness,ios-(iphone/ipad)
baldurs-gate-dark-alliance,ios-(iphone/ipad)
critter-crunch,ios-(iphone/ipad)
crypt-of-the-necrodancer,ios-(iphone/ipad)
legends-of-runeterra,ios-(iphone/ipad)
super-monkey-ball-2,ios-(iphone/ipad)
mini-motorways,ios-(iphone/ipad)
immortality,ios-(iphone/ipad)
bully,ios-(iphone/ipad)
final-fantasy-vi-pixel-remaster,ios-(iphone/ipad)
grindstone,ios-(iphone/ipad)
company-of-heroes-opposing-fronts,ios-(iphone/ipad)
return-to-monkey-island,ios-(iphone/ipad)
super-monkey-ball,ios-(iphone/ipad)
flower,ios-(iphone/ipad)
sonic-mania-plus,ios-(iphone/ipad)
nba-2k16,ios-(iphone/ipad)
driver,ios-(iphone/ipad)
there-is-no-game-wrong-dimension,ios-(iphone/ipad)
tales-from-the-borderlands-episode-5-the-vault-of,ios-(iphone/ipad)
lostwinds-winter-of-the-melodias,ios-(iphone/ipad)
gone-home,ios-(iphone/ipad)
bustafellows,ios-(iphone/ipad)
overboard-2021,ios-(iphone/ipad)
might-and-magic-clash-of-heroes,ios-(iphone/ipad)
vampire-survivors,ios-(iphone/ipad)
the-sims-3,ios-(iphone/ipad)
her-story,ios-(iphone/ipad)
star-wars-knights-of-the-old-republic-ii-the-sit,ios-(iphone/ipad)
brothers-a-tale-of-two-sons,ios-(iphone/ipad)
star-wars-pinball,ios-(iphone/ipad)
bastion,ios-(iphone/ipad)
joe-danger,ios-(iphone/ipad)
resident-evil-7-biohazard,ios-(iphone/ipad)
monster-train,ios-(iphone/ipad)
steamworld-heist,ios-(iphone/ipad)
path-of-exile,ios-(iphone/ipad)
braid-anniversary-edition,ios-(iphone/ipad)
sumire,ios-(iphone/ipad)
day-of-the-tentacle-remastered,ios-(iphone/ipad)
mini-metro,ios-(iphone/ipad)
shantae-riskys-revenge,ios-(iphone/ipad)
the-talos-principle,ios-(iphone/ipad)
kingdom-two-crowns,ios-(iphone/ipad)
sam-and-max-episode-205-whats-new-beelzebub,ios-(iphone/ipad)
tales-from-the-borderlands-a-telltale-game-series,ios-(iphone/ipad)
hearthstone-heroes-of-warcraft-whispers-of-the-old,ios-(iphone/ipad)
among-us,ios-(iphone/ipad)
lara-croft-and-the-guardian-of-light,ios-(iphone/ipad)
paranormasight-the-seven-mysteries-of-honjo,ios-(iphone/ipad)
madden-nfl-10,ios-(iphone/ipad)
life-is-strange,ios-(iphone/ipad)
bit-trip-presents-runner2-future-legend-of-rhyt,ios-(iphone/ipad)
teenage-mutant-ninja-turtles-shredders-revenge,ios-(iphone/ipad)
tomb-raider-ii,ios-(iphone/ipad)
tropico,ios-(iphone/ipad)
metal-slug-x,ios-(iphone/ipad)
chaos-reborn,ios-(iphone/ipad)
football-manager-2011,ios-(iphone/ipad)
monkey-island-2-special-edition-lechucks-revenge,ios-(iphone/ipad)
medieval-ii-total-war-kingdoms,ios-(iphone/ipad)
pro-evolution-soccer-2017,ios-(iphone/ipad)
sam-and-max-episode-204-chariots-of-the-dogs,ios-(iphone/ipad)
ys-viii-lacrimosa-of-dana,ios-(iphone/ipad)
machinarium,ios-(iphone/ipad)
frozen-synapse,ios-(iphone/ipad)
the-wolf-among-us-episode-1-faith,ios-(iphone/ipad)
football-manager-2022,ios-(iphone/ipad)
the-walking-dead-episode-3-long-road-ahead,ios-(iphone/ipad)
batman-the-enemy-within-episode-5-same-stitch,ios-(iphone/ipad)
final-fantasy-xi,ios-(iphone/ipad)
rogue-legacy,ios-(iphone/ipad)
a-space-for-the-unbound,ios-(iphone/ipad)
tangle-tower,ios-(iphone/ipad)
football-manager-2021,ios-(iphone/ipad)
final-fantasy-iv-3d-remake,ios-(iphone/ipad)
thronebreaker-the-witcher-tales,ios-(iphone/ipad)
tetris-2010,ios-(iphone/ipad)
trials-evolution-gold-edition,ios-(iphone/ipad)
death-stranding-directors-cut,ios-(iphone/ipad)
manifold-garden,ios-(iphone/ipad)
papers-please,ios-(iphone/ipad)
428-shibuya-scramble,ios-(iphone/ipad)
keep-talking-and-nobody-explodes,ios-(iphone/ipad)
blast-off,ios-(iphone/ipad)
if-found,ios-(iphone/ipad)
street-fighter-x-tekken,ios-(iphone/ipad)
rakuen,ios-(iphone/ipad)
what-the-golf,ios-(iphone/ipad)
borderlands-a-telltale-game-series,ios-(iphone/ipad)
ufc-undisputed-2010,ios-(iphone/ipad)
gorogoa,ios-(iphone/ipad)
nba-2k14,ios-(iphone/ipad)
darkest-dungeon,ios-(iphone/ipad)
sid-meiers-civilization-revolution,ios-(iphone/ipad)
hearthstone-heroes-of-warcraft-the-grand,ios-(iphone/ipad)
mushihimesama,ios-(iphone/ipad)
frozen-synapse-prime,ios-(iphone/ipad)
football-manager-2020,ios-(iphone/ipad)
streets-of-rage-4,ios-(iphone/ipad)
hyper-light-drifter,ios-(iphone/ipad)
zen-pinball-2-aliens-vs-pinball,ios-(iphone/ipad)
magic-the-gathering-arena,ios-(iphone/ipad)
gordian-quest,ios-(iphone/ipad)
dark-void-zero,ios-(iphone/ipad)
resident-evil-village,ios-(iphone/ipad)
ftl-faster-than-light,ios-(iphone/ipad)
dragon-quest-v-hand-of-the-heavenly-bride,ios-(iphone/ipad)
rayman,ios-(iphone/ipad)
danmaku-unlimited-3,ios-(iphone/ipad)
madden-nfl-11,ios-(iphone/ipad)
spiritfarer,ios-(iphone/ipad)
thimbleweed-park,ios-(iphone/ipad)
baba-is-you,ios-(iphone/ipad)
sayonara-wild-hearts,ios-(iphone/ipad)
oddworld-abes-oddysee-new-n-tasty,ios-(iphone/ipad)
lost-in-play,ios-(iphone/ipad)
fifa-14,ios-(iphone/ipad)
telling-lies,ios-(iphone/ipad)
swords-and-soldiers,ios-(iphone/ipad)
the-wolf-among-us-episode-5-cry-wolf,ios-(iphone/ipad)
fifa-16,ios-(iphone/ipad)
retro-bowl,ios-(iphone/ipad)
football-manager-2024,ios-(iphone/ipad)
chuchu-rocket,ios-(iphone/ipad)
ultimate-general-gettysburg,ios-(iphone/ipad)
detention,ios-(iphone/ipad)
final-fantasy-iv-pixel-remaster,ios-(iphone/ipad)
bloodstained-ritual-of-the-night,ios-(iphone/ipad)
ghost-trick-phantom-detective,ios-(iphone/ipad)
steins-gate,ios-(iphone/ipad)
this-war-of-mine,ios-(iphone/ipad)
strange-horticulture,ios-(iphone/ipad)
blackwell-epiphany,ios-(iphone/ipad)
sine-mora,ios-(iphone/ipad)
retro-city-rampage-dx,ios-(iphone/ipad)
one-finger-death-punch-2,ios-(iphone/ipad)
cassette-beasts,ios-(iphone/ipad)
riven-the-sequel-to-myst,ios-(iphone/ipad)
unpacking,ios-(iphone/ipad)
dragon-quest-builders,ios-(iphone/ipad)
transistor,ios-(iphone/ipad)
prince-of-persia-warrior-within,ios-(iphone/ipad)
magic-duels-of-the-planeswalkers-2014,ios-(iphone/ipad)
pac-man-championship-edition,ios-(iphone/ipad)
gris,ios-(iphone/ipad)
prison-architect,ios-(iphone/ipad)
nba-2k15,ios-(iphone/ipad)
2010-fifa-world-cup-south-africa,ios-(iphone/ipad)
ms-splosion-man,ios-(iphone/ipad)
final-fantasy-v,ios-(iphone/ipad)
sonic-the-hedgehog-2,ios-(iphone/ipad)
vvvvvv,ios-(iphone/ipad)
dust-an-elysian-tail,ios-(iphone/ipad)
door-kickers,ios-(iphone/ipad)
the-last-campfire,ios-(iphone/ipad)
reventure,ios-(iphone/ipad)
invisible-inc,ios-(iphone/ipad)
super-hydorah,ios-(iphone/ipad)
the-banner-saga-2,ios-(iphone/ipad)
you-dont-know-jack-2011,ios-(iphone/ipad)
the-pinball-arcade,ios-(iphone/ipad)
geometry-wars-3-dimensions,ios-(iphone/ipad)
motoheroz,ios-(iphone/ipad)
sokobond,ios-(iphone/ipad)
f1-2016,ios-(iphone/ipad)
wylde-flowers,ios-(iphone/ipad)
shift-2-unleashed,ios-(iphone/ipad)
gemini-rue-verschworung-auf-barracus,ios-(iphone/ipad)
sonic-cd,ios-(iphone/ipad)
rome-total-war-barbarian-invasion,ios-(iphone/ipad)
hearthstone-heroes-of-warcraft-blackrock-mountain,ios-(iphone/ipad)
tales-of-monkey-island-chapter-3-lair-of-the-levi,ios-(iphone/ipad)
the-talos-principle-road-to-gehenna,pc
children-of-morta,ios-(iphone/ipad)
doom-1993,ios-(iphone/ipad)
creaks,ios-(iphone/ipad)
keroblaster,ios-(iphone/ipad)
gunman-clive,ios-(iphone/ipad)
vectronom,ios-(iphone/ipad)
the-wolf-among-us-episode-3-a-crooked-mile,ios-(iphone/ipad)
legend-of-grimrock,ios-(iphone/ipad)
marvel-vs-capcom-2,ios-(iphone/ipad)
final-fantasy-v-pixel-remaster,ios-(iphone/ipad)
nyxquest-kindred-spirits,ios-(iphone/ipad)
efootball-pes-2020,ios-(iphone/ipad)
prince-of-persia-classic,ios-(iphone/ipad)
split-second,ios-(iphone/ipad)
desktop-dungeons,ios-(iphone/ipad)
sam-and-max-episode-201-ice-station-santa,ios-(iphone/ipad)
sonic-and-all-stars-racing-transformed,ios-(iphone/ipad)
technobabylon,ios-(iphone/ipad)
syberia,ios-(iphone/ipad)
the-walking-dead-episode-1-a-new-day,ios-(iphone/ipad)
hidden-through-time-2-myths-and-magic,ios-(iphone/ipad)
chicken-police-paint-it-red,ios-(iphone/ipad)
turnip-boy-robs-a-bank,ios-(iphone/ipad)
nba-2k19,ios-(iphone/ipad)
loop-hero,ios-(iphone/ipad)
puzzle-quest-challenge-of-the-warlords,ios-(iphone/ipad)
botanicula,ios-(iphone/ipad)
de-blob,ios-(iphone/ipad)
severed,ios-(iphone/ipad)
broken-age-act-1,ios-(iphone/ipad)
starship-defense,ios-(iphone/ipad)
wreckfest,ios-(iphone/ipad)
yuppie-psycho,ios-(iphone/ipad)
kalimba,ios-(iphone/ipad)
to-the-moon,ios-(iphone/ipad)
danganronpa-v3-killing-harmony,ios-(iphone/ipad)
fieldrunners,ios-(iphone/ipad)
the-kids-we-were,ios-(iphone/ipad)
super-one-more-jump,ios-(iphone/ipad)
sunless-sea,ios-(iphone/ipad)
the-walking-dead-season-two-episode-three,ios-(iphone/ipad)
football-manager-2016,ios-(iphone/ipad)
monster-hunter-freedom-unite,ios-(iphone/ipad)
downwell,ios-(iphone/ipad)
phoenix-wright-ace-attorney-dual-destinies,ios-(iphone/ipad)
the-lions-song,ios-(iphone/ipad)
phoenix-wright-ace-attorney-trilogy,ios-(iphone/ipad)
life-is-strange-episode-3,ios-(iphone/ipad)
gunslugs,ios-(iphone/ipad)
voez,ios-(iphone/ipad)
tales-of-monkey-island-chapter-5-rise-of-the-pira,ios-(iphone/ipad)
suzerain,ios-(iphone/ipad)
skylanders-superchargers,ios-(iphone/ipad)
phoenix-wright-ace-attorney,ios-(iphone/ipad)
life-is-strange-episode-5,ios-(iphone/ipad)
uno,ios-(iphone/ipad)
the-walking-dead-season-two-episode-two,ios-(iphone/ipad)
tales-from-the-borderlands-episode-three-catch-a,ios-(iphone/ipad)
finding-paradise,ios-(iphone/ipad)
broken-age,ios-(iphone/ipad)
life-is-strange-episode-4,ios-(iphone/ipad)
sam-and-max-the-devils-playhouse-episode-1,ios-(iphone/ipad)
samurai-shodown,ios-(iphone/ipad)
reigns-her-majesty,ios-(iphone/ipad)
zombie-night-terror,ios-(iphone/ipad)
phoenix-wright-ace-attorney-spirit-of-justice,ios-(iphone/ipad)
chuchel,ios-(iphone/ipad)
rollercoaster-tycoon-3,ios-(iphone/ipad)
genshin-impact,ios-(iphone/ipad)
skulls-of-the-shogun,ios-(iphone/ipad)
happy-game,ios-(iphone/ipad)
terraria,ios-(iphone/ipad)
lostwinds,ios-(iphone/ipad)
the-bug-butcher,ios-(iphone/ipad)
the-legend-of-tianding,ios-(iphone/ipad)
embracelet,ios-(iphone/ipad)
minit,ios-(iphone/ipad)
star-wars-pinball-the-force-awakens,ios-(iphone/ipad)
moonlighter,ios-(iphone/ipad)
shovel-knight-dig,ios-(iphone/ipad)
pinball-fantasies,ios-(iphone/ipad)
catan-2003,ios-(iphone/ipad)
nelly-cootalot-the-fowl-fleet,ios-(iphone/ipad)
railbound,ios-(iphone/ipad)
maldita-castilla-ex-cursed-castilla,ios-(iphone/ipad)
danganronpa-2-goodbye-despair,ios-(iphone/ipad)
motorsport-manager,ios-(iphone/ipad)
necrobarista,ios-(iphone/ipad)
kingdom-eighties,ios-(iphone/ipad)
rage-of-the-gladiator,ios-(iphone/ipad)
steamworld-quest-hand-of-gilgamech,ios-(iphone/ipad)
antihero,ios-(iphone/ipad)
a-space-shooter-for-2-bucks,ios-(iphone/ipad)
puzzle-quest-2,ios-(iphone/ipad)
dragon-quest-vii-fragments-of-the-forgotten-past,ios-(iphone/ipad)
northgard,ios-(iphone/ipad)
the-book-of-unwritten-tales-2,ios-(iphone/ipad)
final-fantasy-viii-remastered,ios-(iphone/ipad)
madden-nfl-25-2013,ios-(iphone/ipad)
the-elder-scrolls-legends,ios-(iphone/ipad)
bully-scholarship-edition,ios-(iphone/ipad)
rocket-riot,ios-(iphone/ipad)
syberia-ii,ios-(iphone/ipad)
skul-the-hero-slayer,ios-(iphone/ipad)
the-artful-escape,ios-(iphone/ipad)
nba-2k18,ios-(iphone/ipad)
five-nights-at-freddys-help-wanted,ios-(iphone/ipad)
the-banner-saga,ios-(iphone/ipad)
wwe-smackdown-vs-raw-2010,ios-(iphone/ipad)
sam-and-max-episode-202-moai-better-blues,ios-(iphone/ipad)
tiger-woods-pga-tour-10,ios-(iphone/ipad)
osmos,ios-(iphone/ipad)
disney-infinity-30-edition,ios-(iphone/ipad)
football-manager-2023,ios-(iphone/ipad)
lego-the-lord-of-the-rings,ios-(iphone/ipad)
oxenfree,ios-(iphone/ipad)
mutant-mudds,ios-(iphone/ipad)
duke-nukem-3d,ios-(iphone/ipad)
dropsy,ios-(iphone/ipad)
honkai-star-rail,ios-(iphone/ipad)
yu-gi-oh-master-duel,ios-(iphone/ipad)
wildfrost,ios-(iphone/ipad)
lego-star-wars-the-complete-saga,ios-(iphone/ipad)
samorost-3,ios-(iphone/ipad)
dangan-ronpa,ios-(iphone/ipad)
icewind-dale-enhanced-edition,ios-(iphone/ipad)
cat-quest-iii,ios-(iphone/ipad)
a-boy-and-his-blob,ios-(iphone/ipad)
need-for-speed-rivals,pc
zen-pinball,ios-(iphone/ipad)
bit-trip-beat,ios-(iphone/ipad)
infinity-nikki,ios-(iphone/ipad)
final-fantasy-pixel-remaster,ios-(iphone/ipad)
panzer-corps,ios-(iphone/ipad)
grim-fandango-remastered,ios-(iphone/ipad)
tales-of-monkey-island-chapter-4-the-trial-and-ex,ios-(iphone/ipad)
the-walking-dead-episode-4-around-every-corner,ios-(iphone/ipad)
locks-quest,ios-(iphone/ipad)
valkyrie-profile,ios-(iphone/ipad)
magic-the-gathering-duels-of-the-planeswalkers-2012,ios-(iphone/ipad)
guitar-hero-live,ios-(iphone/ipad)
oddworld-munchs-oddysee,ios-(iphone/ipad)
dicey-dungeons,ios-(iphone/ipad)
1979-revolution-black-friday,ios-(iphone/ipad)
space-invaders-infinity-gene,ios-(iphone/ipad)
beaterator,ios-(iphone/ipad)
lazy-raiders,ios-(iphone/ipad)
far-lone-sails,ios-(iphone/ipad)
the-walking-dead-season-two,ios-(iphone/ipad)
thomas-was-alone,ios-(iphone/ipad)
shantae-and-the-seven-sirens,ios-(iphone/ipad)
dungeon-of-the-endless,ios-(iphone/ipad)
art-of-rally,ios-(iphone/ipad)
ea-sports-mma,ios-(iphone/ipad)
lego-builders-journey,ios-(iphone/ipad)
terra-nil,ios-(iphone/ipad)
return-to-mysterious-island,ios-(iphone/ipad)
puzzle-dimension,ios-(iphone/ipad)
steredenn,ios-(iphone/ipad)
worms-2-armageddon,ios-(iphone/ipad)
tropico-3,ios-(iphone/ipad)
runaway-a-twist-of-fate,ios-(iphone/ipad)
tales-of-monkey-island-chapter-1-launch-of-the-sc,ios-(iphone/ipad)
arena-of-valor,ios-(iphone/ipad)
subsurface-circular,ios-(iphone/ipad)
pirates-outlaws,ios-(iphone/ipad)
cuboid,ios-(iphone/ipad)
payday-2,xbox-360
when-the-past-was-around,ios-(iphone/ipad)
death-road-to-canada,ios-(iphone/ipad)
the-unfinished-swan,ios-(iphone/ipad)
hitman-blood-money-reprisal,ios-(iphone/ipad)
alien-isolation,ios-(iphone/ipad)
rome-total-war-alexander,ios-(iphone/ipad)
lego-harry-potter-years-1-4,ios-(iphone/ipad)
age-of-zombies,ios-(iphone/ipad)
the-longing,ios-(iphone/ipad)
zen-pinball-2-bethesda-pinball,ios-(iphone/ipad)
sam-and-max-episode-203-night-of-the-raving-dea,ios-(iphone/ipad)
toki-tori,ios-(iphone/ipad)
auditorium-hd,ios-(iphone/ipad)
kelvin-and-the-infamous-machine,ios-(iphone/ipad)
the-last-door-2014,ios-(iphone/ipad)
greed-corp,ios-(iphone/ipad)
little-inferno,ios-(iphone/ipad)
batman-the-enemy-within-the-telltale-series,ios-(iphone/ipad)
tales-from-the-borderlands-episode-4-escape-plan,ios-(iphone/ipad)
raystorm,ios-(iphone/ipad)
final-fantasy-iii-pixel-remaster,ios-(iphone/ipad)
shiren-the-wanderer-the-tower-of-fortune-and-the,ios-(iphone/ipad)
race-the-sun,ios-(iphone/ipad)
pac-man-256,ios-(iphone/ipad)
golf-club-wasteland,ios-(iphone/ipad)
tiger-woods-pga-tour-11,ios-(iphone/ipad)
river-city-girls,ios-(iphone/ipad)
wonder-boy-the-dragons-trap,ios-(iphone/ipad)
a-musical-story,ios-(iphone/ipad)
astrologaster,ios-(iphone/ipad)
agent-a-a-puzzle-in-disguise,ios-(iphone/ipad)
pro-evolution-soccer-2011,ios-(iphone/ipad)
alba-a-wildlife-adventure,ios-(iphone/ipad)
the-gardens-between,ios-(iphone/ipad)
crayon-physics-deluxe,ios-(iphone/ipad)
monster-hunter-stories-2017,ios-(iphone/ipad)
wizorb,ios-(iphone/ipad)
the-walking-dead-season-two-episode-one,ios-(iphone/ipad)
the-journey-down-chapter-two,ios-(iphone/ipad)
zumas-revenge,ios-(iphone/ipad)
zen-pinball-2-balls-of-glory,ios-(iphone/ipad)
baldurs-gate-enhanced-edition,ios-(iphone/ipad)
madden-nfl-12,ios-(iphone/ipad)
antstream-arcade,ios-(iphone/ipad)
duke-nukem-manhattan-project,ios-(iphone/ipad)
the-walking-dead-season-two-episode-five,ios-(iphone/ipad)
dragon-quest-vi-realms-of-revelation,ios-(iphone/ipad)
theatrhythm-final-fantasy,ios-(iphone/ipad)
asphalt-4-elite-racing,ios-(iphone/ipad)
songs-of-conquest,ios-(iphone/ipad)
golf-peaks,ios-(iphone/ipad)
apollo-justice-ace-attorney,ios-(iphone/ipad)
ken-folletts-the-pillars-of-the-earth,ios-(iphone/ipad)
nba-2k23,ios-(iphone/ipad)
lego-star-wars-the-force-awakens,ios-(iphone/ipad)
musynx,ios-(iphone/ipad)
candleman,ios-(iphone/ipad)
puzzle-pirates,ios-(iphone/ipad)
wytchwood,ios-(iphone/ipad)
part-time-ufo,ios-(iphone/ipad)
stealth-inc-a-clone-in-the-dark,ios-(iphone/ipad)
forma8,ios-(iphone/ipad)
that-dragon-cancer,ios-(iphone/ipad)
human-resource-machine,ios-(iphone/ipad)
mushroom-11,ios-(iphone/ipad)
dont-starve,ios-(iphone/ipad)
shinsekai-into-the-depths,ios-(iphone/ipad)
fortnite,ios-(iphone/ipad)
marvels-guardians-of-the-galaxy-the-telltale,ios-(iphone/ipad)
please-touch-the-artwork,ios-(iphone/ipad)
avernum-2-crystal-souls,ios-(iphone/ipad)
crimson-gem-saga,ios-(iphone/ipad)
electronic-super-joy,ios-(iphone/ipad)
baldurs-gate-ii-enhanced-edition,ios-(iphone/ipad)
lunar-silver-star-story,ios-(iphone/ipad)
atomik-rungunjumpgun,ios-(iphone/ipad)
my-brother-rabbit,ios-(iphone/ipad)
the-walking-dead-season-two-episode-four,ios-(iphone/ipad)
hearthstone-heroes-of-warcraft-curse-of-naxxramas,ios-(iphone/ipad)
life-is-strange-episode-2,ios-(iphone/ipad)
skylanders-trap-team,ios-(iphone/ipad)
little-nightmares,ios-(iphone/ipad)
death-squared,ios-(iphone/ipad)
nba-2k20,ios-(iphone/ipad)
forager,ios-(iphone/ipad)
dandy-dungeon-legend-of-brave-yamada,ios-(iphone/ipad)
the-walking-dead-400-days,ios-(iphone/ipad)
tales-from-the-borderlands-episode-two,ios-(iphone/ipad)
five-nights-at-freddys,ios-(iphone/ipad)
crashlands,ios-(iphone/ipad)
ace-attorney-investigations-miles-edgeworth,ios-(iphone/ipad)
dungelot-shattered-lands,ios-(iphone/ipad)
hot-wheels-rift-rally,ios-(iphone/ipad)
wingspan,ios-(iphone/ipad)
inmost,ios-(iphone/ipad)
titan-quest,ios-(iphone/ipad)
yomawari-midnight-shadows,ios-(iphone/ipad)
reigns,ios-(iphone/ipad)
linelight,ios-(iphone/ipad)
letter-quest-grimms-journey,ios-(iphone/ipad)
bridge-constructor-portal,ios-(iphone/ipad)
angry-birds,ios-(iphone/ipad)
etherlords,ios-(iphone/ipad)
bud-spencer-and-terence-hill-slaps-and-beans-2,ios-(iphone/ipad)
whispers-of-a-machine,ios-(iphone/ipad)
the-walking-dead-the-telltale-series-the-final,ios-(iphone/ipad)
blasphemous,ios-(iphone/ipad)
anomaly-2,ios-(iphone/ipad)
little-red-lie,ios-(iphone/ipad)
kombinera,ios-(iphone/ipad)
valiant-hearts-the-great-war,ios-(iphone/ipad)
xcom-2-collection,ios-(iphone/ipad)
bomb-chicken,ios-(iphone/ipad)
sonic-the-hedgehog,ios-(iphone/ipad)
teslagrad,ios-(iphone/ipad)
tales-of-monkey-island-chapter-2-the-siege-of-spi,ios-(iphone/ipad)
orwell,ios-(iphone/ipad)
game-of-thrones-episode-three-the-sword-in-the,ios-(iphone/ipad)
sid-meiers-railroads,ios-(iphone/ipad)
magic-duels-origins,ios-(iphone/ipad)
the-pathless,ios-(iphone/ipad)
final-fantasy-iii-3d-remake,ios-(iphone/ipad)
my-memory-of-us,ios-(iphone/ipad)
a-fold-apart,ios-(iphone/ipad)
lost-horizon,ios-(iphone/ipad)
rocksmith,ios-(iphone/ipad)
lego-harry-potter-years-5-7,ios-(iphone/ipad)
doom-ii,ios-(iphone/ipad)
costume-quest,ios-(iphone/ipad)
batman-the-enemy-within-episode-4-what-ails-you,ios-(iphone/ipad)
a-case-of-distrust,ios-(iphone/ipad)
kathy-rain,ios-(iphone/ipad)
sniper-elite-4,ios-(iphone/ipad)
penny-arcade-adventures-episode-three,ios-(iphone/ipad)
little-big-workshop,ios-(iphone/ipad)
tomena-sanner,ios-(iphone/ipad)
the-sims-medieval,ios-(iphone/ipad)
garou-mark-of-the-wolves,ios-(iphone/ipad)
hue,ios-(iphone/ipad)
saga-frontier-remastered,ios-(iphone/ipad)
gnog,ios-(iphone/ipad)
football-manager-touch-2018,ios-(iphone/ipad)
full-throttle-remastered,ios-(iphone/ipad)
tetrobot-and-co,ios-(iphone/ipad)
the-shapeshifting-detective,ios-(iphone/ipad)
final-fantasy-ii-pixel-remaster,ios-(iphone/ipad)
game-of-thrones-episode-four-sons-of-winter,ios-(iphone/ipad)
the-darkside-detective,ios-(iphone/ipad)
batman-the-enemy-within-episode-1-the-enigma,ios-(iphone/ipad)
zenless-zone-zero,ios-(iphone/ipad)
disgaea-1-complete,ios-(iphone/ipad)
trials-of-mana,ios-(iphone/ipad)
assassins-creed-mirage,ios-(iphone/ipad)
inbento,ios-(iphone/ipad)
toki-tori-2,ios-(iphone/ipad)
dokuro,ios-(iphone/ipad)
wizard-of-legend,ios-(iphone/ipad)
scourgebringer,ios-(iphone/ipad)
r-type-dimensions,ios-(iphone/ipad)
old-mans-journey,ios-(iphone/ipad)
wolfstride,ios-(iphone/ipad)
tales-of-phantasia,ios-(iphone/ipad)
#NAME?,playstation-2
saga-scarlet-grace-ambitions,ios-(iphone/ipad)
friday-the-13th-killer-puzzle,ios-(iphone/ipad)
mutazione,ios-(iphone/ipad)
deathsmiles,ios-(iphone/ipad)
chaoschild,ios-(iphone/ipad)
old-school-musical,ios-(iphone/ipad)
saga-emerald-beyond,ios-(iphone/ipad)
tens,ios-(iphone/ipad)
yo-kai-watch,ios-(iphone/ipad)
metal-slug-3,ios-(iphone/ipad)
ea-sports-ufc-2,ios-(iphone/ipad)
the-survivalists,ios-(iphone/ipad)
cat-quest-ii-the-lupus-empire,ios-(iphone/ipad)
burn-zombie-burn,ios-(iphone/ipad)
fury-unleashed,ios-(iphone/ipad)
toy-story-3,ios-(iphone/ipad)
shadowrun-returns,ios-(iphone/ipad)
lode-runner,ios-(iphone/ipad)
hindsight,ios-(iphone/ipad)
the-wolf-among-us-episode-2-smoke-and-mirrors,ios-(iphone/ipad)
attentat-1942,ios-(iphone/ipad)
jydge,ios-(iphone/ipad)
distraint,ios-(iphone/ipad)
forgotton-anne,ios-(iphone/ipad)
atone-heart-of-the-elder-tree,ios-(iphone/ipad)
peglin,ios-(iphone/ipad)
tales-of-hearts-r,ios-(iphone/ipad)
max-and-the-magic-marker,ios-(iphone/ipad)
whos-that-flying,ios-(iphone/ipad)
dear-esther,ios-(iphone/ipad)
opus-echo-of-starsong,ios-(iphone/ipad)
armello,ios-(iphone/ipad)
the-escapists-2,ios-(iphone/ipad)
horizon-chase-2,ios-(iphone/ipad)
edna-and-harvey-harveys-new-eyes,ios-(iphone/ipad)
groovin-blocks,ios-(iphone/ipad)
gunfire-reborn,ios-(iphone/ipad)
avadon-the-black-fortress,ios-(iphone/ipad)
worms-open-warfare,ios-(iphone/ipad)
sam-and-max-beyond-time-and-space,ios-(iphone/ipad)
unruly-heroes,ios-(iphone/ipad)
paper-trail,ios-(iphone/ipad)
dracula-undead-awakening,ios-(iphone/ipad)
beholder,ios-(iphone/ipad)
descenders,ios-(iphone/ipad)
back-to-the-future-the-game-episode-v-outatime,ios-(iphone/ipad)
tesla-vs-lovecraft,ios-(iphone/ipad)
deemo-reborn,ios-(iphone/ipad)
sonic-and-sega-all-stars-racing,ios-(iphone/ipad)
donut-county,ios-(iphone/ipad)
labyrinth-city-pierre-the-maze-detective,ios-(iphone/ipad)
battle-chasers-nightwar,ios-(iphone/ipad)
shardlight,ios-(iphone/ipad)
luna-the-shadow-dust,ios-(iphone/ipad)
figment,ios-(iphone/ipad)
batman-the-telltale-series-episode-5-city-of-light,ios-(iphone/ipad)
bugsnax,ios-(iphone/ipad)
life-is-strange-episode-1,ios-(iphone/ipad)
lego-bricktales,ios-(iphone/ipad)
hegemonia-legions-of-iron,ios-(iphone/ipad)
bulb-boy,ios-(iphone/ipad)
yes-your-grace,ios-(iphone/ipad)
evans-remains,ios-(iphone/ipad)
death-come-true,ios-(iphone/ipad)
qv,ios-(iphone/ipad)
anodyne,ios-(iphone/ipad)
a-little-to-the-left,ios-(iphone/ipad)
willy-jetman-astromonkeys-revenge,ios-(iphone/ipad)
crying-suns,ios-(iphone/ipad)
endling-extinction-is-forever,ios-(iphone/ipad)
naruto-ultimate-ninja-storm,ios-(iphone/ipad)
grid-autosport,ios-(iphone/ipad)
yomawari-night-alone,ios-(iphone/ipad)
the-wolf-among-us-episode-4-in-sheeps-clothing,ios-(iphone/ipad)
the-bards-tale-2004,ios-(iphone/ipad)
game-of-thrones-episode-one-iron-from-ice,ios-(iphone/ipad)
nightsky,ios-(iphone/ipad)
beatbuddy-tale-of-the-guardians,ios-(iphone/ipad)
chroma-squad,ios-(iphone/ipad)
south-of-the-circle,ios-(iphone/ipad)
the-room,ios-(iphone/ipad)
carrion,ios-(iphone/ipad)
overland,ios-(iphone/ipad)
sonic-the-hedgehog-4-episode-1,ios-(iphone/ipad)
zombie-rollerz-pinball-heroes,ios-(iphone/ipad)
ivy-the-kiwi,ios-(iphone/ipad)
droplitz,ios-(iphone/ipad)
neo-cab,ios-(iphone/ipad)
back-to-the-future-the-game-episode-i-its-abo,ios-(iphone/ipad)
romancing-saga-3-remaster,ios-(iphone/ipad)
back-to-the-future-the-game-episode-ii-get-tan,ios-(iphone/ipad)
sky-force-reloaded,ios-(iphone/ipad)
actraiser-renaissance,ios-(iphone/ipad)
gabriel-knight-sins-of-the-fathers-20th-anniversa,ios-(iphone/ipad)
edge-2011,ios-(iphone/ipad)
icey,ios-(iphone/ipad)
grim-legends-the-forsaken-bride,ios-(iphone/ipad)
neversong,ios-(iphone/ipad)
jacob-jones-and-the-bigfoot-mystery-episode-one,ios-(iphone/ipad)
superliminal,ios-(iphone/ipad)
paper-monsters-recut,ios-(iphone/ipad)
runaway-a-road-adventure,ios-(iphone/ipad)
deponia,ios-(iphone/ipad)
the-escapists,ios-(iphone/ipad)
shadow-bug,ios-(iphone/ipad)
hundred-days-winemaking-simulator,ios-(iphone/ipad)
one-line-coloring,ios-(iphone/ipad)
broken-sword-shadow-of-the-templars,ios-(iphone/ipad)
milkmaid-of-the-milky-way,ios-(iphone/ipad)
kinectimals,ios-(iphone/ipad)
unmechanical,ios-(iphone/ipad)
adventures-of-pip,ios-(iphone/ipad)
el-hijo-a-wild-west-tale,ios-(iphone/ipad)
disney-speedstorm,ios-(iphone/ipad)
implosion-never-lose-hope,ios-(iphone/ipad)
lost-words-beyond-the-page,ios-(iphone/ipad)
destination-treasure-island,ios-(iphone/ipad)
potion-permit,ios-(iphone/ipad)
cat-quest,ios-(iphone/ipad)
the-alliance-alive-hd-remastered,ios-(iphone/ipad)
the-walking-dead-the-telltale-series-a-new-2017-2,ios-(iphone/ipad)
game-of-thrones-episode-five-a-nest-of-vipers,ios-(iphone/ipad)
the-swords-of-ditto,ios-(iphone/ipad)
batman-the-telltale-series-episode-1-realm-of,ios-(iphone/ipad)
bejeweled-2,ios-(iphone/ipad)
turnip-boy-commits-tax-evasion,ios-(iphone/ipad)
teenage-mutant-ninja-turtles-splintered-fate,ios-(iphone/ipad)
minecraft-story-mode-season-two-episode-2-giant,ios-(iphone/ipad)
game-of-thrones-episode-two-the-lost-lords,ios-(iphone/ipad)
yggdra-union-well-never-fight-alone,ios-(iphone/ipad)
coromon,ios-(iphone/ipad)
the-egyptian-prophecy,ios-(iphone/ipad)
leisure-suit-larry-wet-dreams-dry-twice,ios-(iphone/ipad)
the-saboteur,ios-(iphone/ipad)
a-normal-lost-phone,ios-(iphone/ipad)
the-legend-of-bum-bo,ios-(iphone/ipad)
punch-club,ios-(iphone/ipad)
prism-light-the-way,ios-(iphone/ipad)
century-age-of-ashes,ios-(iphone/ipad)
driftmoon,ios-(iphone/ipad)
dungeon-hearts,ios-(iphone/ipad)
mom-hid-my-game,ios-(iphone/ipad)
cosmophony,ios-(iphone/ipad)
cogs,ios-(iphone/ipad)
stela,ios-(iphone/ipad)
scribblenauts-unlimited,ios-(iphone/ipad)
eufloria,ios-(iphone/ipad)
oxenfree-ii-lost-signals,ios-(iphone/ipad)
futuridium-ep,ios-(iphone/ipad)
ceville,ios-(iphone/ipad)
the-blackwell-deception,ios-(iphone/ipad)
minecraft-story-mode-episode-3-the-last-place-you,ios-(iphone/ipad)
bury-me-my-love,ios-(iphone/ipad)
lego-batman-3-beyond-gotham,ios-(iphone/ipad)
tom-clancys-hawx,ios-(iphone/ipad)
always-sometimes-monsters,ios-(iphone/ipad)
my-time-at-portia,ios-(iphone/ipad)
112-operator,ios-(iphone/ipad)
yesterday-origins,ios-(iphone/ipad)
star-wars-the-force-unleashed,ios-(iphone/ipad)
poly-bridge,ios-(iphone/ipad)
muse-dash,ios-(iphone/ipad)
unstoppable-gorg,ios-(iphone/ipad)
project-highrise,ios-(iphone/ipad)
broken-age-act-2,ios-(iphone/ipad)
drawn-to-life,ios-(iphone/ipad)
batman-the-telltale-series-episode-2-children-of,ios-(iphone/ipad)
mini-ninjas,ios-(iphone/ipad)
dandara,ios-(iphone/ipad)
ten-dates,ios-(iphone/ipad)
behind-the-frame-the-finest-scenery,ios-(iphone/ipad)
headland,ios-(iphone/ipad)
worm-jazz,ios-(iphone/ipad)
yomawari-the-long-night-collection,ios-(iphone/ipad)
sparklite,ios-(iphone/ipad)
gratuitous-space-battles,ios-(iphone/ipad)
harvest-moon-frantic-farming,ios-(iphone/ipad)
lamplight-city,ios-(iphone/ipad)
solar-2,ios-(iphone/ipad)
mushroom-wars-2,ios-(iphone/ipad)
layers-of-fear-2015,ios-(iphone/ipad)
legend-of-mana-remastered,ios-(iphone/ipad)
ys-the-ark-of-napishtim,ios-(iphone/ipad)
samurai-shodown-ii,ios-(iphone/ipad)
the-journey-down-chapter-one,ios-(iphone/ipad)
cognition-an-erica-reed-thriller-episode-1-the,ios-(iphone/ipad)
purrfect-date,ios-(iphone/ipad)
burly-men-at-sea,ios-(iphone/ipad)
wallace-and-gromits-grand-adventures-episode-2,ios-(iphone/ipad)
book-of-demons,ios-(iphone/ipad)
cognition-an-erica-reed-thriller-episode-2-the,ios-(iphone/ipad)
a-new-beginning,ios-(iphone/ipad)
after-burner-climax,ios-(iphone/ipad)
sherlock-holmes-the-awakened-2007,ios-(iphone/ipad)
beyond-blue,ios-(iphone/ipad)
guild-of-dungeoneering,ios-(iphone/ipad)
max-the-curse-of-brotherhood,ios-(iphone/ipad)
primordia,ios-(iphone/ipad)
the-red-star,ios-(iphone/ipad)
the-inner-world,ios-(iphone/ipad)
the-battle-of-polytopia,ios-(iphone/ipad)
minecraft-story-mode-episode-5-order-up,ios-(iphone/ipad)
warhammer-40000-regicide,ios-(iphone/ipad)
tormentum-dark-sorrow,ios-(iphone/ipad)
dragon-quest-monsters-the-dark-prince,ios-(iphone/ipad)
marvels-guardians-of-the-galaxy-episode-1-tangled,ios-(iphone/ipad)
simulacra,ios-(iphone/ipad)
crazy-machines-2,ios-(iphone/ipad)
blood-bowl,ios-(iphone/ipad)
marvels-guardians-of-the-galaxy-episode-5-dont,ios-(iphone/ipad)
serial-cleaner,ios-(iphone/ipad)
minecraft-story-mode-episode-4-a-block-and-a-hard,ios-(iphone/ipad)
mevo-and-the-grooveriders,ios-(iphone/ipad)
never-alone-2014,ios-(iphone/ipad)
the-liar-princess-and-the-blind-prince,ios-(iphone/ipad)
marvels-guardians-of-the-galaxy-episode-3-more,ios-(iphone/ipad)
earthworm-jim,ios-(iphone/ipad)
rise-race-the-future,ios-(iphone/ipad)
amnesia-memories,ios-(iphone/ipad)
leisure-suit-larry-wet-dreams-dont-dry,ios-(iphone/ipad)
marvels-guardians-of-the-galaxy-episode-2-under,ios-(iphone/ipad)
kitty-powers-matchmaker,ios-(iphone/ipad)
albion-online,ios-(iphone/ipad)
demetrios-the-big-cynical-adventure,ios-(iphone/ipad)
laytons-mystery-journey-katrielle-and-the,ios-(iphone/ipad)
back-to-the-future-the-game-episode-iii-citize,ios-(iphone/ipad)
oceanhorn-2-knights-of-the-lost-realm,ios-(iphone/ipad)
penarium,ios-(iphone/ipad)
minecraft-story-mode-season-two-episode-3,ios-(iphone/ipad)
spidersaurs,ios-(iphone/ipad)
the-centennial-case-a-shijima-story,ios-(iphone/ipad)
collection-of-saga-final-fantasy-legend,ios-(iphone/ipad)
samba-de-amigo-party-central,ios-(iphone/ipad)
disney-infinity-marvel-super-heroes-20-edition,ios-(iphone/ipad)
woah-dave,ios-(iphone/ipad)
boulder-dash-xl,ios-(iphone/ipad)
a-memoir-blue,ios-(iphone/ipad)
kona,playstation-4
wwe-legends-of-wrestlemania,ios-(iphone/ipad)
earth-atlantis,ios-(iphone/ipad)
cozy-grove,ios-(iphone/ipad)
marvels-guardians-of-the-galaxy-episode-4-who,ios-(iphone/ipad)
minecraft-story-mode-season-two-episode-1-hero-in,ios-(iphone/ipad)
pipe-mania,ios-(iphone/ipad)
batman-the-enemy-within-episode-2-the-pact,ios-(iphone/ipad)
never-stop-sneakin,ios-(iphone/ipad)
melbits-world,ios-(iphone/ipad)
ovivo,ios-(iphone/ipad)
swim-out,ios-(iphone/ipad)
corpse-party,ios-(iphone/ipad)
batman-the-enemy-within-episode-3-the-fractured,ios-(iphone/ipad)
hexologic,ios-(iphone/ipad)
nexomon-extinction,ios-(iphone/ipad)
portal-knights,ios-(iphone/ipad)
lichtspeer,ios-(iphone/ipad)
pinstripe,ios-(iphone/ipad)
spongebob-squarepants-battle-for-bikini-bottom,ios-(iphone/ipad)
bendy-and-the-ink-machine,ios-(iphone/ipad)
voyage-inspired-by-jules-verne,ios-(iphone/ipad)
riptide-gp-renegade,ios-(iphone/ipad)
cultist-simulator,ios-(iphone/ipad)
the-lego-movie-videogame,ios-(iphone/ipad)
battle-worlds-kronos,ios-(iphone/ipad)
through-the-darkest-of-times,ios-(iphone/ipad)
paperboy,ios-(iphone/ipad)
minecraft-story-mode-episode-1-the-order-of-the,ios-(iphone/ipad)
save-the-turtles,ios-(iphone/ipad)
beat-cop,ios-(iphone/ipad)
back-to-the-future-the-game-episode-iv-double,ios-(iphone/ipad)
the-walking-dead-michonne-episode-3-what-we,ios-(iphone/ipad)
halcyon-6-starbase-commander,ios-(iphone/ipad)
once-human,ios-(iphone/ipad)
dragon-quest-iii,ios-(iphone/ipad)
hector-badge-of-carnage-episode-3-beyond-reaso,ios-(iphone/ipad)
sheltered,ios-(iphone/ipad)
ark-survival-evolved,ios-(iphone/ipad)
company-of-heroes-tales-of-valor,ios-(iphone/ipad)
luxor-2,ios-(iphone/ipad)
time-recoil,ios-(iphone/ipad)
earthnight,ios-(iphone/ipad)
the-cave-2013,ios-(iphone/ipad)
teslapunk,ios-(iphone/ipad)
dead-synchronicity,ios-(iphone/ipad)
vampire-the-masquerade-coteries-of-new-york,ios-(iphone/ipad)
atom-rpg,ios-(iphone/ipad)
monster-rancher-1-and-2-dx,ios-(iphone/ipad)
absolute-drift,ios-(iphone/ipad)
leviathan-warships,ios-(iphone/ipad)
disney-dreamlight-valley,ios-(iphone/ipad)
human-fall-flat,ios-(iphone/ipad)
the-warlock-of-firetop-mountain,ios-(iphone/ipad)
irisfall,ios-(iphone/ipad)
lego-jurassic-world,ios-(iphone/ipad)
elderand,ios-(iphone/ipad)
jet-set-radio-2000,ios-(iphone/ipad)
beyond-a-steel-sky,ios-(iphone/ipad)
disney-ducktales-remastered,ios-(iphone/ipad)
clockwork-tales-of-glass-and-ink-a-hidden-object,ios-(iphone/ipad)
road-not-taken,ios-(iphone/ipad)
skate-city,ios-(iphone/ipad)
mercenaries-saga-2,ios-(iphone/ipad)
moncage,ios-(iphone/ipad)
the-mooseman,ios-(iphone/ipad)
block-breaker-deluxe,ios-(iphone/ipad)
lumino-city,ios-(iphone/ipad)
steel-soldiers,ios-(iphone/ipad)
mosaic,ios-(iphone/ipad)
pokemon-unite,ios-(iphone/ipad)
democracy-3,ios-(iphone/ipad)
anomaly-defenders,ios-(iphone/ipad)
darkestville-castle,ios-(iphone/ipad)
solo-levelingarise,ios-(iphone/ipad)
highwater,ios-(iphone/ipad)
puzzle-agent,ios-(iphone/ipad)
game-of-thrones-episode-six-the-ice-dragon,ios-(iphone/ipad)
storyteller,ios-(iphone/ipad)
ultimate-mortal-kombat-3,ios-(iphone/ipad)
the-whispered-world,ios-(iphone/ipad)
shadow-blade-reload,ios-(iphone/ipad)
romancing-saga-2,ios-(iphone/ipad)
the-last-remnant-remastered,ios-(iphone/ipad)
real-soccer-2009,ios-(iphone/ipad)
witcheye,ios-(iphone/ipad)
spongebob-squarepants-the-cosmic-shake,ios-(iphone/ipad)
ea-sports-ufc,ios-(iphone/ipad)
monopoly-2008-2008,ios-(iphone/ipad)
x-men-the-arcade-game,ios-(iphone/ipad)
f1-2009,ios-(iphone/ipad)
the-secrets-of-da-vinci-the-forbidden-manuscript,ios-(iphone/ipad)
the-walking-dead-the-telltale-series-a-new,ios-(iphone/ipad)
the-walking-dead-michonne-episode-1-in-too-deep,ios-(iphone/ipad)
here-be-dragons,ios-(iphone/ipad)
panzer-tactics-hd,ios-(iphone/ipad)
nightmares-from-the-deep-2-the-sirens-call,ios-(iphone/ipad)
broken-sword-the-serpents-curse,ios-(iphone/ipad)
prehistorik-man,ios-(iphone/ipad)
rebel-cops,ios-(iphone/ipad)
assassins-creed-ii-discovery,ios-(iphone/ipad)
roller-champions,ios-(iphone/ipad)
the-bunker-2016,ios-(iphone/ipad)
wuthering-waves,ios-(iphone/ipad)
star-hammer-the-vanguard-prophecy,ios-(iphone/ipad)
raji-an-ancient-epic,ios-(iphone/ipad)
okhlos,ios-(iphone/ipad)
simulacra-2,ios-(iphone/ipad)
rekt-high-octane-stunts,ios-(iphone/ipad)
poker-night-2,ios-(iphone/ipad)
real-boxing,ios-(iphone/ipad)
final-fantasy-iv-the-after-years,ios-(iphone/ipad)
forsaken-world,ios-(iphone/ipad)
runespell-overture,ios-(iphone/ipad)
wrestlequest,ios-(iphone/ipad)
octodad-dadliest-catch,ios-(iphone/ipad)
drive-2019,ios-(iphone/ipad)
final-fantasy-xv-pocket-edition,ios-(iphone/ipad)
manticore-galaxy-on-fire,ios-(iphone/ipad)
the-amazing-spider-man,ios-(iphone/ipad)
liberation-maiden,ios-(iphone/ipad)
home-2012,ios-(iphone/ipad)
shadowgate-2014,ios-(iphone/ipad)
dark-arcana--the-carnival,ios-(iphone/ipad)
chaos-head-noah,ios-(iphone/ipad)
dracula-the-last-sanctuary,ios-(iphone/ipad)
60-parsecs,ios-(iphone/ipad)
exit-the-gungeon,ios-(iphone/ipad)
in-between-2015,ios-(iphone/ipad)
inked-a-tale-of-love,ios-(iphone/ipad)
eternights,ios-(iphone/ipad)
reigns-three-kingdoms,ios-(iphone/ipad)
legends-of-kingdom-rush,ios-(iphone/ipad)
kill-it-with-fire,ios-(iphone/ipad)
galcon-fusion,ios-(iphone/ipad)
warhammer-40000-armageddon,ios-(iphone/ipad)
romancing-saga-minstrel-song-remastered,ios-(iphone/ipad)
hatoful-boyfriend,ios-(iphone/ipad)
neverending-nightmares,ios-(iphone/ipad)
five-nights-at-freddys-3,ios-(iphone/ipad)
doomsday-vault,ios-(iphone/ipad)
spacecom,ios-(iphone/ipad)
ea-sports-active-2,ios-(iphone/ipad)
crash-drive-3,ios-(iphone/ipad)
arrog,ios-(iphone/ipad)
911-operator,ios-(iphone/ipad)
the-blind-prophet,ios-(iphone/ipad)
root-letter,ios-(iphone/ipad)
the-past-within,ios-(iphone/ipad)
game-dev-tycoon,ios-(iphone/ipad)
io,ios-(iphone/ipad)
the-company-man,ios-(iphone/ipad)
earths-dawn,ios-(iphone/ipad)
ice-age-dawn-of-the-dinosaurs,ios-(iphone/ipad)
puddle,ios-(iphone/ipad)
the-witcher-adventure,ios-(iphone/ipad)
goat-simulator-3,ios-(iphone/ipad)
fledgling-heroes,ios-(iphone/ipad)
songbringer,ios-(iphone/ipad)
tennis-in-the-face,ios-(iphone/ipad)
this-is-the-president,ios-(iphone/ipad)
golden-axe-1989,ios-(iphone/ipad)
azkend-2-the-world-beneath,ios-(iphone/ipad)
munin,ios-(iphone/ipad)
lords-of-the-fallen-2014,ios-(iphone/ipad)
jewel-quest,ios-(iphone/ipad)
sparkle-unleashed,ios-(iphone/ipad)
record-of-agarest-war,ios-(iphone/ipad)
encodya,ios-(iphone/ipad)
the-fancy-pants-adventures,ios-(iphone/ipad)
gwent-rogue-mage,ios-(iphone/ipad)
tesla-force,ios-(iphone/ipad)
white-night,ios-(iphone/ipad)
disney-castle-of-illusion-starring-mickey-mouse,ios-(iphone/ipad)
say-no-more,ios-(iphone/ipad)
the-almost-gone,ios-(iphone/ipad)
white-day-a-labyrinth-named-school,ios-(iphone/ipad)
final-fantasy,ios-(iphone/ipad)
dracula-the-resurrection,ios-(iphone/ipad)
the-walking-dead-michonne-a-telltale-miniseries,ios-(iphone/ipad)
spaceball-revolution,ios-(iphone/ipad)
red-johnsons-chronicles,ios-(iphone/ipad)
bright-memory-infinite,ios-(iphone/ipad)
corpse-party-book-of-shadows,ios-(iphone/ipad)
ministry-of-broadcast,ios-(iphone/ipad)
counterspy,ios-(iphone/ipad)
secret-files-3,ios-(iphone/ipad)
mens-room-mayhem,ios-(iphone/ipad)
spintires-mudrunner,ios-(iphone/ipad)
felix-the-reaper,ios-(iphone/ipad)
the-little-acre,ios-(iphone/ipad)
tecmo-bowl-throwback,ios-(iphone/ipad)
rogue-wizards,ios-(iphone/ipad)
cooking-mama,ios-(iphone/ipad)
raycrisis,ios-(iphone/ipad)
samurai-jack-battle-through-time,ios-(iphone/ipad)
interrogation-you-will-be-deceived,ios-(iphone/ipad)
agatha-christie-the-abc-murders,ios-(iphone/ipad)
this-is-the-police-2,ios-(iphone/ipad)
adventures-of-mana,ios-(iphone/ipad)
secret-files-tunguska,ios-(iphone/ipad)
her-majestys-spiffing,ios-(iphone/ipad)
enigmatis-the-ghosts-of-maple-creek,ios-(iphone/ipad)
castaway-paradise-craft-your-new-life,ios-(iphone/ipad)
vempire,ios-(iphone/ipad)
the-walking-dead-michonne-episode-2-give-no,ios-(iphone/ipad)
super-meat-boy-forever,ios-(iphone/ipad)
wanted-a-wild-western-adventure,ios-(iphone/ipad)
this-is-the-police,ios-(iphone/ipad)
truberbrook,ios-(iphone/ipad)
wolfenstein-3d,ios-(iphone/ipad)
midnight-pool,ios-(iphone/ipad)
magic-orbz,ios-(iphone/ipad)
sands-of-salzaar,ios-(iphone/ipad)
memento-mori-2008,ios-(iphone/ipad)
the-cameron-files-the-secret-at-loch-ness,ios-(iphone/ipad)
halo-spartan-strike,ios-(iphone/ipad)
trivial-pursuit,ios-(iphone/ipad)
burnout-crash,ios-(iphone/ipad)
slender-the-arrival,ios-(iphone/ipad)
yesterday,ios-(iphone/ipad)
heroes-of-normandie,ios-(iphone/ipad)
aerialknights-never-yield,ios-(iphone/ipad)
no-gravity,ios-(iphone/ipad)
kung-fu-rabbit,ios-(iphone/ipad)
ms-pac-man,ios-(iphone/ipad)
spore-creatures,ios-(iphone/ipad)
feist,ios-(iphone/ipad)
heroes-of-might-and-magic-iii-hd-edition,ios-(iphone/ipad)
hyperbrawl-tournament,ios-(iphone/ipad)
little-orpheus,ios-(iphone/ipad)
might-and-magic-chess-royale,ios-(iphone/ipad)
tv-show-king,ios-(iphone/ipad)
orwells-animal-farm,ios-(iphone/ipad)
defend-your-castle,ios-(iphone/ipad)
zombie-panic-in-wonderland,ios-(iphone/ipad)
cate-west-the-vanishing-files,ios-(iphone/ipad)
redout-space-assault,ios-(iphone/ipad)
tower-of-fantasy,ios-(iphone/ipad)
wild-west-guns,ios-(iphone/ipad)
i-am-the-hero,ios-(iphone/ipad)
morphite,ios-(iphone/ipad)
sparkle-2,ios-(iphone/ipad)
dracula-3-path-of-the-dragon,ios-(iphone/ipad)
xenoraid,ios-(iphone/ipad)
diner-dash,ios-(iphone/ipad)
secret-files-2-puritas-cordis,ios-(iphone/ipad)
bloo-kid-2,ios-(iphone/ipad)
gearclub-unlimited,ios-(iphone/ipad)
crystal-quest,ios-(iphone/ipad)
crystal-quest,pc
pokemon-quest,ios-(iphone/ipad)
legions-of-steel,ios-(iphone/ipad)
puzzlegeddon,ios-(iphone/ipad)
the-impossible-game,ios-(iphone/ipad)
pokemon-cafe-mix,ios-(iphone/ipad)
nuts-2021,ios-(iphone/ipad)
king-oddball,ios-(iphone/ipad)
the-franz-kafka-videogame,ios-(iphone/ipad)
f1-race-stars,ios-(iphone/ipad)
pop,ios-(iphone/ipad)
game-of-thrones-a-telltale-games-series,ios-(iphone/ipad)
crimsonland,ios-(iphone/ipad)
lilt-line,ios-(iphone/ipad)
chronology,ios-(iphone/ipad)
puss,ios-(iphone/ipad)
the-mighty-quest-for-epic-loot,ios-(iphone/ipad)
jet-car-stunts,ios-(iphone/ipad)
swapquest,ios-(iphone/ipad)
dead-by-daylight,ios-(iphone/ipad)
gunbird-2,ios-(iphone/ipad)
gods-will-be-watching,ios-(iphone/ipad)
hardwood-hearts,ios-(iphone/ipad)
sid-meiers-starships,ios-(iphone/ipad)
alien-breed,ios-(iphone/ipad)
batman-the-telltale-series,ios-(iphone/ipad)
need-for-speed-undercover,ios-(iphone/ipad)
warframe,ios-(iphone/ipad)
bud-spencer-and-terence-hill-slaps-and-beans,ios-(iphone/ipad)
neon-chrome,ios-(iphone/ipad)
cubemen-2,ios-(iphone/ipad)
lost-grimoires-stolen-kingdom,ios-(iphone/ipad)
gibbon-beyond-the-trees,ios-(iphone/ipad)
beat-hazard-ultra,ios-(iphone/ipad)
silent-scope,ios-(iphone/ipad)
table-top-racing,ios-(iphone/ipad)
fatal-fury-special,ios-(iphone/ipad)
radiohammer,ios-(iphone/ipad)
lost-in-harmony,ios-(iphone/ipad)
scrap-metal,ios-(iphone/ipad)
republique-episode-4-gods-acre,ios-(iphone/ipad)
cradle-of-rome,ios-(iphone/ipad)
pang-adventures,ios-(iphone/ipad)
murderous-pursuits,ios-(iphone/ipad)
missing-an-interactive-thriller,ios-(iphone/ipad)
final-fantasy-ii,ios-(iphone/ipad)
whispering-willows,ios-(iphone/ipad)
fist-of-jesus,ios-(iphone/ipad)
wheels-of-aurelia,ios-(iphone/ipad)
puzzle-agent-2,ios-(iphone/ipad)
skyhill,ios-(iphone/ipad)
dragon-quest-1986,ios-(iphone/ipad)
defense-technica,ios-(iphone/ipad)
townscaper,ios-(iphone/ipad)
crush-your-enemies,ios-(iphone/ipad)
missile-command-1980,ios-(iphone/ipad)
the-westport-independent,ios-(iphone/ipad)
the-tiny-bang-story,ios-(iphone/ipad)
goat-simulator,ios-(iphone/ipad)
buzz-aldrins-space-program-manager,ios-(iphone/ipad)
hardwood-backgammon,ios-(iphone/ipad)
trauma,ios-(iphone/ipad)
wireway,ios-(iphone/ipad)
marathon-2-durandal,ios-(iphone/ipad)
morningstar-descent-to-deadrock,ios-(iphone/ipad)
hardwood-spades,ios-(iphone/ipad)
northland,ios-(iphone/ipad)
spellspire,ios-(iphone/ipad)
toby-the-secret-mine,ios-(iphone/ipad)
baseball-riot,ios-(iphone/ipad)
pac-man,ios-(iphone/ipad)
continue9876543210,ios-(iphone/ipad)
mad-tracks,ios-(iphone/ipad)
nhl-2k11,ios-(iphone/ipad)
worlds-end-club,ios-(iphone/ipad)
vendetta-online,ios-(iphone/ipad)
pure-chess,ios-(iphone/ipad)
world-of-warriors,ios-(iphone/ipad)
rayman-2-the-great-escape,ios-(iphone/ipad)
louvre-the-messenger,ios-(iphone/ipad)
shadowrun-online,ios-(iphone/ipad)
seven-knights-time-wanderer-,ios-(iphone/ipad)
sonic-the-hedgehog-4-episode-ii,ios-(iphone/ipad)
fahrenheit-indigo-prophecy-remastered,ios-(iphone/ipad)
deiland,ios-(iphone/ipad)
fast-striker,ios-(iphone/ipad)
the-perils-of-man,ios-(iphone/ipad)
superfrog-hd,ios-(iphone/ipad)
violett,ios-(iphone/ipad)
flockers,ios-(iphone/ipad)
evoland,ios-(iphone/ipad)
voodoo-dice,ios-(iphone/ipad)
build-a-bear-workshop-a-friend-fur-all-seasons,ios-(iphone/ipad)
i-am-bread-tv,ios-(iphone/ipad)
tempest-pirate-action-rpg,ios-(iphone/ipad)
atlantis-quest,ios-(iphone/ipad)
gardening-mama,ios-(iphone/ipad)
ohsir-the-insult-simulator,ios-(iphone/ipad)
magic-duels-of-the-planeswalkers-2015,ios-(iphone/ipad)
the-complex,ios-(iphone/ipad)
dragon-quest-ii,ios-(iphone/ipad)
james-noirs-hollywood-crimes,ios-(iphone/ipad)
bermuda-triangle-saving-the-coral,ios-(iphone/ipad)
guitar-rock-tour,ios-(iphone/ipad)
touch-detective,ios-(iphone/ipad)
corpse-party-blood-drive,ios-(iphone/ipad)
karateka-2012,ios-(iphone/ipad)
mysterious-cities-of-gold-secret-paths,ios-(iphone/ipad)
zombie-driver,ios-(iphone/ipad)
crazy-taxi-1999,ios-(iphone/ipad)
farming-simulator-20,ios-(iphone/ipad)
subject-13,ios-(iphone/ipad)
final-fantasy-crystal-chronicles-remastered,ios-(iphone/ipad)
kyotokei,ios-(iphone/ipad)
platypus,ios-(iphone/ipad)
squeeballs-party,ios-(iphone/ipad)
green-lantern-rise-of-the-manhunters,ios-(iphone/ipad)
astro-duel,ios-(iphone/ipad)
the-deer-god,ios-(iphone/ipad)
the-academy-the-first-riddle,ios-(iphone/ipad)
minecraft-story-mode-episode-2-assembly-required,ios-(iphone/ipad)
bigfest,ios-(iphone/ipad)
shooting-stars-2015,ios-(iphone/ipad)
dread-nautical,ios-(iphone/ipad)
htolniq-the-firefly-diary,ios-(iphone/ipad)
space-hulk,ios-(iphone/ipad)
bridge-constructor,ios-(iphone/ipad)
assassins-creed-altairs-chronicles,ios-(iphone/ipad)
toy-stunt-bike,ios-(iphone/ipad)
venture-kid,ios-(iphone/ipad)
prime-world-defenders,ios-(iphone/ipad)
flyhunter-origins,ios-(iphone/ipad)
darkstone,ios-(iphone/ipad)
hero-of-sparta,ios-(iphone/ipad)
pixel-heroes-byte-and-magic,ios-(iphone/ipad)
stranded-sails-explorers-of-the-cursed-islands,ios-(iphone/ipad)
wizardry-labyrinth-of-lost-souls,ios-(iphone/ipad)
back-to-bed,ios-(iphone/ipad)
star-wars-hunters,ios-(iphone/ipad)
knock-knock,ios-(iphone/ipad)
jungle-rumble-freedom-happiness-and-bananas,ios-(iphone/ipad)
surgeon-simulator-2013,ios-(iphone/ipad)
earthlock-festival-of-magic,ios-(iphone/ipad)
rooms-the-main-building,ios-(iphone/ipad)
pokemon-shuffle,ios-(iphone/ipad)
michael-jackson-the-experience,ios-(iphone/ipad)
submerged-2015,ios-(iphone/ipad)
carnival-games-2007,ios-(iphone/ipad)
rf-online,ios-(iphone/ipad)
run-like-hell,ios-(iphone/ipad)
rafa-nadal-tennis,ios-(iphone/ipad)
leisure-suit-larry-reloaded,ios-(iphone/ipad)
postal,ios-(iphone/ipad)
dead-effect-2,ios-(iphone/ipad)
table-top-racing-world-tour,ios-(iphone/ipad)
the-bradwell-conspiracy,ios-(iphone/ipad)
cabelas-dangerous-hunts-2011,ios-(iphone/ipad)
way-of-the-samurai-3,ios-(iphone/ipad)
brain-challenge,ios-(iphone/ipad)
dream-pinball-3d,ios-(iphone/ipad)
danganronpa-s-ultimate-summer-camp,ios-(iphone/ipad)
carnivores-ice-age,ios-(iphone/ipad)
whipseey-and-the-lost-atlas,ios-(iphone/ipad)
hamsterdam,ios-(iphone/ipad)
planet-51-the-game,ios-(iphone/ipad)
active-soccer-2-dx,ios-(iphone/ipad)
law-and-order-legacies,ios-(iphone/ipad)
worlds-of-magic-planar-conquest,ios-(iphone/ipad)
blok-drop-u,ios-(iphone/ipad)
the-game-of-life-2,ios-(iphone/ipad)
ice-cream-surfer,ios-(iphone/ipad)
ecco-the-dolphin,ios-(iphone/ipad)
stranger-things-3-the-game,ios-(iphone/ipad)
halo-spartan-assault,ios-(iphone/ipad)
crystal-defenders,ios-(iphone/ipad)
defenders-of-ardania,ios-(iphone/ipad)
star-horizon,ios-(iphone/ipad)
brunswick-pro-bowling-2007,ios-(iphone/ipad)
babel-rising,ios-(iphone/ipad)
7-wonders-of-the-ancient-world,ios-(iphone/ipad)
left-brain-right-brain,ios-(iphone/ipad)
manic-monkey-mayhem,ios-(iphone/ipad)
carnivores-dinosaur-hunter,ios-(iphone/ipad)
record-of-agarest-war-zero,ios-(iphone/ipad)
drawn-to-life-two-realms,ios-(iphone/ipad)
baroque,ios-(iphone/ipad)
trulon-the-shadow-engine,ios-(iphone/ipad)
top-gun-2010,ios-(iphone/ipad)
the-amazing-spider-man-2,ios-(iphone/ipad)
iron-sky-invasion,ios-(iphone/ipad)
toy-story-mania,ios-(iphone/ipad)
double-dragon-iv,ios-(iphone/ipad)
terminator-salvation-2009,ios-(iphone/ipad)
storm-boy,ios-(iphone/ipad)
gravity-badgers,ios-(iphone/ipad)
the-secrets-of-atlantis,ios-(iphone/ipad)
michael-phelps-push-the-limit,ios-(iphone/ipad)
hometown-story,ios-(iphone/ipad)
spectral-souls-resurrection-of-the-ethereal-empir,ios-(iphone/ipad)
fish-tycoon,ios-(iphone/ipad)
#NAME?,playstation-3
lego-brawls,ios-(iphone/ipad)
red-bull-x-fighters,ios-(iphone/ipad)
fighting-fantasy-the-warlock-of-firetop-mountain,ios-(iphone/ipad)
qbert-rebooted,ios-(iphone/ipad)
calvino-noir,ios-(iphone/ipad)
myst-1995,ios-(iphone/ipad)
rise-of-the-guardians,ios-(iphone/ipad)
naughty-bear,ios-(iphone/ipad)
the-elder-scrolls-blades,ios-(iphone/ipad)
nickelodeon-kart-racers,ios-(iphone/ipad)
dragons-lair,ios-(iphone/ipad)
way-of-the-dogg,ios-(iphone/ipad)
chronus-arc,ios-(iphone/ipad)
pacific-rim,ios-(iphone/ipad)
putty-squad,ios-(iphone/ipad)
dying-reborn,ios-(iphone/ipad)
hello-neighbor,ios-(iphone/ipad)
shaq-fu-a-legend-reborn,ios-(iphone/ipad)
dream-chronicles,ios-(iphone/ipad)
efootball-2022,ios-(iphone/ipad)
kick-ass-the-game,ios-(iphone/ipad)
smash-n-survive,ios-(iphone/ipad)
